{
	"info": {
		"_postman_id": "a7b6826f-9f6c-4809-aff0-c21df8b722ba",
		"name": "AcademicSystem",
		"schema": "https://schema.getpostman.com/json/collection/v2.1.0/collection.json",
		"_exporter_id": "37951916"
	},
	"item": [
		{
			"name": "Students",
			"item": [
				{
					"name": "Register Alumno",
					"request": {
						"method": "POST",
						"header": [],
						"body": {
							"mode": "urlencoded",
							"urlencoded": [
								{
									"key": "name",
									"value": "juan",
									"type": "text"
								},
								{
									"key": "email",
									"value": "jaun23@kinal.edu.gt",
									"type": "text"
								},
								{
									"key": "password",
									"value": "124",
									"type": "text"
								}
							]
						},
						"url": {
							"raw": "localhost:3626/student/register",
							"host": [
								"localhost"
							],
							"port": "3626",
							"path": [
								"student",
								"register"
							]
						}
					},
					"response": []
				},
				{
					"name": "LoginStudent",
					"request": {
						"method": "POST",
						"header": [
							{
								"key": "",
								"value": "",
								"type": "text",
								"disabled": true
							},
							{
								"key": "",
								"value": "",
								"type": "text",
								"disabled": true
							}
						],
						"body": {
							"mode": "urlencoded",
							"urlencoded": [
								{
									"key": "name",
									"value": "alumno1",
									"type": "text"
								},
								{
									"key": "password",
									"value": "124",
									"type": "text"
								}
							]
						},
						"url": {
							"raw": "localhost:3626/student/login",
							"host": [
								"localhost"
							],
							"port": "3626",
							"path": [
								"student",
								"login"
							],
							"query": [
								{
									"key": "",
									"value": "",
									"disabled": true
								},
								{
									"key": "",
									"value": "",
									"disabled": true
								}
							]
						}
					},
					"response": []
				},
				{
					"name": "AssignCourse",
					"request": {
						"method": "POST",
						"header": [],
						"url": {
							"raw": "localhost:3626/student/67a97ab5b8b0d4eb17a68048/assign-course?courseid",
							"host": [
								"localhost"
							],
							"port": "3626",
							"path": [
								"student",
								"67a97ab5b8b0d4eb17a68048",
								"assign-course"
							],
							"query": [
								{
									"key": "courseid",
									"value": null
								}
							]
						}
					},
					"response": []
				},
				{
					"name": "UpdateStudent",
					"request": {
						"method": "PUT",
						"header": [],
						"body": {
							"mode": "urlencoded",
							"urlencoded": [
								{
									"key": "name",
									"value": "alumno1",
									"type": "text"
								},
								{
									"key": "email",
									"value": "juan23@kinal.edu.gt",
									"type": "text"
								}
							]
						},
						"url": {
							"raw": "localhost:3626/student/profile/67a97ab5b8b0d4eb17a68048",
							"host": [
								"localhost"
							],
							"port": "3626",
							"path": [
								"student",
								"profile",
								"67a97ab5b8b0d4eb17a68048"
							]
						}
					},
					"response": []
				},
				{
					"name": "DeleteStudent",
					"request": {
						"method": "DELETE",
						"header": [],
						"url": {
							"raw": "localhost:3626/student/delete/67a977f2e200cf75f77e789e",
							"host": [
								"localhost"
							],
							"port": "3626",
							"path": [
								"student",
								"delete",
								"67a977f2e200cf75f77e789e"
							]
						}
					},
					"response": []
				}
			]
		},
		{
			"name": "Course",
			"item": [
				{
					"name": "Register Course",
					"request": {
						"method": "POST",
						"header": [],
						"body": {
							"mode": "urlencoded",
							"urlencoded": [
								{
									"key": "name",
									"value": "Biologia",
									"type": "text"
								},
								{
									"key": "description",
									"value": "Sistema nervioso",
									"type": "text"
								},
								{
									"key": "teacherId",
									"value": "67a9815a0489d6f13493e6c4",
									"type": "text"
								}
							]
						},
						"url": {
							"raw": "localhost:3626/course/register",
							"host": [
								"localhost"
							],
							"port": "3626",
							"path": [
								"course",
								"register"
							]
						}
					},
					"response": []
				}
			]
		},
		{
			"name": "Teacher",
			"item": [
				{
					"name": "Register Teacher",
					"request": {
						"method": "POST",
						"header": [],
						"body": {
							"mode": "urlencoded",
							"urlencoded": [
								{
									"key": "username",
									"value": "rivas",
									"type": "text"
								},
								{
									"key": "email",
									"value": "rivas@kinal.edu.gt",
									"type": "text"
								},
								{
									"key": "password",
									"value": "Contra123",
									"type": "text"
								}
							]
						},
						"url": {
							"raw": "localhost:3626/teacher/register",
							"host": [
								"localhost"
							],
							"port": "3626",
							"path": [
								"teacher",
								"register"
							]
						}
					},
					"response": []
				},
				{
					"name": "Login Teacher",
					"request": {
						"method": "POST",
						"header": [],
						"body": {
							"mode": "urlencoded",
							"urlencoded": [
								{
									"key": "username",
									"value": "rivas",
									"type": "text"
								},
								{
									"key": "password",
									"value": "Contra123",
									"type": "text"
								}
							]
						},
						"url": {
							"raw": "localhost:3626/teacher/login",
							"host": [
								"localhost"
							],
							"port": "3626",
							"path": [
								"teacher",
								"login"
							]
						}
					},
					"response": []
				},
				{
					"name": "Cree un curso",
					"protocolProfileBehavior": {
						"disableBodyPruning": true
					},
					"request": {
						"method": "GET",
						"header": [],
						"body": {
							"mode": "urlencoded",
							"urlencoded": [
								{
									"key": "name",
									"value": "Laboratorio",
									"type": "text"
								},
								{
									"key": "description",
									"value": "Semillas que flotan en el agua",
									"type": "text"
								}
							]
						},
						"url": {
							"raw": "localhost:3626/teacher/67a9815a0489d6f13493e6c4/course",
							"host": [
								"localhost"
							],
							"port": "3626",
							"path": [
								"teacher",
								"67a9815a0489d6f13493e6c4",
								"course"
							]
						}
					},
					"response": []
				},
				{
					"name": "Editar Curso Teacher",
					"request": {
						"method": "PUT",
						"header": [],
						"body": {
							"mode": "urlencoded",
							"urlencoded": [
								{
									"key": "Name",
									"value": "Matematicas",
									"type": "text"
								},
								{
									"key": "description",
									"value": "areas y perimetros",
									"type": "text"
								}
							]
						},
						"url": {
							"raw": "localhost:3626/teacher/67a9815a0489d6f13493e6c4/update/67a9827e0489d6f13493e6c7",
							"host": [
								"localhost"
							],
							"port": "3626",
							"path": [
								"teacher",
								"67a9815a0489d6f13493e6c4",
								"update",
								"67a9827e0489d6f13493e6c7"
							]
						}
					},
					"response": []
				},
				{
					"name": "Eliminar",
					"request": {
						"method": "DELETE",
						"header": [],
						"body": {
							"mode": "urlencoded",
							"urlencoded": []
						},
						"url": {
							"raw": "localhost:3626/teacher/67a9815a0489d6f13493e6c4/delete/67a9827e0489d6f13493e6c7",
							"host": [
								"localhost"
							],
							"port": "3626",
							"path": [
								"teacher",
								"67a9815a0489d6f13493e6c4",
								"delete",
								"67a9827e0489d6f13493e6c7"
							]
						}
					},
					"response": []
				}
			]
		}
	]
}